﻿Designator,Quantity,Value,Footprint,Package,MPN,DNP,Mount_Type,Description,Sim.Device,Sim.Pins
C1,1,4.7uF,CP_Elec_8x10.5,,,,smt,Unpolarized capacitor,,
D1,1,0.2V,D_5KPW_P7.62mm_Vertical_AnodeUp,,,,tht,Diode,D,1=K 2=A
"D2, D3, D4, D5",4,LED,D_5KPW_P7.62mm_Vertical_AnodeUp,,,,tht,Light emitting diode,,1=K 2=A
J1,1,Screw_Terminal_01x02,TerminalBlock_4Ucon_1x02_P3.50mm_Vertical,,,,tht,"Generic screw terminal, single row, 01x02, script generated (kicad-library-utils/schlib/autogen/connector/)",,
"L1, L2",2,~,2Pad,,,,tht,[L1]Coil CCW; [L2]Coil CW,,
"Pot1, Pot2, Pot3, Pot4, Pot5",5,10k,Potentiometer_Vishay_T73XW_Horizontal,,,,tht,"Trim-potentiometer, US symbol",,
R1,1,470k,R_Axial_DIN0414_L11.9mm_D4.5mm_P20.32mm_Horizontal,,,,tht,"Resistor, US symbol",,
R2,1,10k,R_Axial_DIN0414_L11.9mm_D4.5mm_P20.32mm_Horizontal,,,,tht,"Resistor, US symbol",,
"R3, R4, R5, R6",4,150,R_Axial_DIN0414_L11.9mm_D4.5mm_P20.32mm_Horizontal,,,,tht,"Resistor, US symbol",,
U1,1,LM386,DIP-8_W7.62mm_Socket_LongPads,,,,tht,"Low Voltage Audio Power Amplifier, DIP-8/SOIC-8/SSOP-8",,
U2,1,LM339,DIP-14_W7.62mm,,,,tht,"Quad Differential Comparators, SOIC-14/TSSOP-14",,
