﻿pos_x,pos_y,rotation,side,designator,mpn,pack,footprint,value,mount_type
59.69,-124.46,0.0,top,C1,,,CP_Elec_8x10.5,4.7uF,smt
55.88,-138.43,-90.0,top,D1,,,D_5KPW_P7.62mm_Vertical_AnodeUp,0.2V,tht
74.93,-85.09,180.0,top,D2,,,D_5KPW_P7.62mm_Vertical_AnodeUp,LED,tht
75.0,-66.04,180.0,top,D3,,,D_5KPW_P7.62mm_Vertical_AnodeUp,LED,tht
75.0,-45.72,180.0,top,D4,,,D_5KPW_P7.62mm_Vertical_AnodeUp,LED,tht
75.0,-27.94,180.0,top,D5,,,D_5KPW_P7.62mm_Vertical_AnodeUp,LED,tht
173.99,-134.93,-90.0,top,J1,,,TerminalBlock_4Ucon_1x02_P3.50mm_Vertical,Screw_Terminal_01x02,tht
127.0,-118.11,0.0,top,Pot1,,,Potentiometer_Vishay_T73XW_Horizontal,10k,tht
149.86,-81.28,0.0,top,Pot2,,,Potentiometer_Vishay_T73XW_Horizontal,10k,tht
149.86,-63.5,0.0,top,Pot3,,,Potentiometer_Vishay_T73XW_Horizontal,10k,tht
149.86,-43.18,0.0,top,Pot4,,,Potentiometer_Vishay_T73XW_Horizontal,10k,tht
149.86,-25.4,0.0,top,Pot5,,,Potentiometer_Vishay_T73XW_Horizontal,10k,tht
55.88,-111.76,0.0,top,R1,,,R_Axial_DIN0414_L11.9mm_D4.5mm_P20.32mm_Horizontal,470k,tht
106.68,-134.62,0.0,top,R2,,,R_Axial_DIN0414_L11.9mm_D4.5mm_P20.32mm_Horizontal,10k,tht
39.37,-85.09,0.0,top,R3,,,R_Axial_DIN0414_L11.9mm_D4.5mm_P20.32mm_Horizontal,150,tht
39.37,-66.04,0.0,top,R4,,,R_Axial_DIN0414_L11.9mm_D4.5mm_P20.32mm_Horizontal,150,tht
39.37,-45.72,0.0,top,R5,,,R_Axial_DIN0414_L11.9mm_D4.5mm_P20.32mm_Horizontal,150,tht
39.37,-27.94,0.0,top,R6,,,R_Axial_DIN0414_L11.9mm_D4.5mm_P20.32mm_Horizontal,150,tht
100.33,-124.46,90.0,top,U1,,,DIP-8_W7.62mm_Socket_LongPads,LM386,tht
100.33,-105.41,90.0,top,U2,,,DIP-14_W7.62mm,LM339,tht
